[{"fields": {"app_label": "auth", "model": "permission"}, "pk": 1, "model": "contenttypes.contenttype"}, {"fields": {"app_label": "auth", "model": "group"}, "pk": 2, "model": "contenttypes.contenttype"}, {"fields": {"app_label": "auth", "model": "user"}, "pk": 3, "model": "contenttypes.contenttype"}, {"fields": {"app_label": "admin", "model": "logentry"}, "pk": 4, "model": "contenttypes.contenttype"}, {"fields": {"app_label": "contenttypes", "model": "contenttype"}, "pk": 5, "model": "contenttypes.contenttype"}, {"fields": {"app_label": "sessions", "model": "session"}, "pk": 6, "model": "contenttypes.contenttype"}, {"fields": {"app_label": "accounts", "model": "hospital"}, "pk": 7, "model": "contenttypes.contenttype"}, {"fields": {"app_label": "accounts", "model": "hours"}, "pk": 8, "model": "contenttypes.contenttype"}, {"fields": {"app_label": "accounts", "model": "nurse"}, "pk": 9, "model": "contenttypes.contenttype"}, {"fields": {"app_label": "accounts", "model": "doctor"}, "pk": 10, "model": "contenttypes.contenttype"}, {"fields": {"app_label": "accounts", "model": "patient"}, "pk": 11, "model": "contenttypes.contenttype"}, {"fields": {"app_label": "accounts", "model": "prescription"}, "pk": 12, "model": "contenttypes.contenttype"}, {"fields": {"app_label": "appt_calendar", "model": "appointment"}, "pk": 13, "model": "contenttypes.contenttype"}, {"fields": {"app_label": "logger", "model": "entry"}, "pk": 14, "model": "contenttypes.contenttype"}, {"fields": {"app_label": "messaging", "model": "message"}, "pk": 15, "model": "contenttypes.contenttype"}, {"fields": {"app_label": "prescriptions", "model": "prescription"}, "pk": 16, "model": "contenttypes.contenttype"}, {"fields": {"app_label": "tests", "model": "test"}, "pk": 17, "model": "contenttypes.contenttype"}, {"fields": {"expire_date": "2015-05-20T01:48:48.785Z", "session_data": "ZTFjNWY0OWVmNWNjNjliOWM5ZTFjYTJlMDhlN2IzZDQyOTJkM2JkNzp7fQ=="}, "pk": "449i3ygcao8yee0kc3jpyrahfojwhuh1", "model": "sessions.session"}, {"fields": {"expire_date": "2015-05-19T00:04:55.159Z", "session_data": "YWU3YzE1MTM1ZmNjYjAzYTg2ZTA5ZDg3ODQ0NThmOWNiMTYxZDhhNTp7Il9hdXRoX3VzZXJfaGFzaCI6IjQzNWI4Y2VhNGZjZGEzYjFmNjU5NzJmM2I2MWU2MmFkY2Y3OGE2YmMiLCJfYXV0aF91c2VyX2JhY2tlbmQiOiJkamFuZ28uY29udHJpYi5hdXRoLmJhY2tlbmRzLk1vZGVsQmFja2VuZCIsIl9hdXRoX3VzZXJfaWQiOjF9"}, "pk": "59133ndxo7ln6t3gpsuk0blgjmovohgc", "model": "sessions.session"}, {"fields": {"expire_date": "2015-05-15T15:22:24.709Z", "session_data": "YjhiOGVhYjhmZDhhNjY3ZjRiMWMyODNhY2FiYzU1MTFkYzU4ZWJiNjp7Il9hdXRoX3VzZXJfYmFja2VuZCI6ImRqYW5nby5jb250cmliLmF1dGguYmFja2VuZHMuTW9kZWxCYWNrZW5kIiwiX2F1dGhfdXNlcl9pZCI6M30="}, "pk": "73fox961wjwjct4io4kr11aw8e05zvgo", "model": "sessions.session"}, {"fields": {"expire_date": "2015-05-14T19:20:51.569Z", "session_data": "ZTFjNWY0OWVmNWNjNjliOWM5ZTFjYTJlMDhlN2IzZDQyOTJkM2JkNzp7fQ=="}, "pk": "bv3eswy3m6oaginurbitrdaj0c3wpeg9", "model": "sessions.session"}, {"fields": {"expire_date": "2015-05-18T23:17:51.782Z", "session_data": "MGFjOGFiZTQyZTBlYjUwMTQ0ODM4NDFjZTdhOGQ5NmUxZmQ1Y2ZkMzp7Il9hdXRoX3VzZXJfYmFja2VuZCI6ImRqYW5nby5jb250cmliLmF1dGguYmFja2VuZHMuTW9kZWxCYWNrZW5kIiwiX2F1dGhfdXNlcl9pZCI6Mn0="}, "pk": "e8td0xo1zytpfwlbh42fipa5dfy3owoc", "model": "sessions.session"}, {"fields": {"expire_date": "2015-05-19T18:01:07.411Z", "session_data": "ZWY0Zjg0ZmNlNzBlNTQ3YmE4M2FmMjYyZjg5ZDc5MjM3MDJkMWVjNDp7Il9hdXRoX3VzZXJfYmFja2VuZCI6ImRqYW5nby5jb250cmliLmF1dGguYmFja2VuZHMuTW9kZWxCYWNrZW5kIiwiX2F1dGhfdXNlcl9pZCI6MX0="}, "pk": "kcf5peb7w4t0zo2rscioejnb0tj8iigr", "model": "sessions.session"}, {"fields": {"expire_date": "2015-05-14T19:04:32.847Z", "session_data": "ZWY0Zjg0ZmNlNzBlNTQ3YmE4M2FmMjYyZjg5ZDc5MjM3MDJkMWVjNDp7Il9hdXRoX3VzZXJfYmFja2VuZCI6ImRqYW5nby5jb250cmliLmF1dGguYmFja2VuZHMuTW9kZWxCYWNrZW5kIiwiX2F1dGhfdXNlcl9pZCI6MX0="}, "pk": "kve8clcum2zkqjgih3zrruisdglg6cpo", "model": "sessions.session"}, {"fields": {"expire_date": "2015-05-15T00:15:19.083Z", "session_data": "ZTFjNWY0OWVmNWNjNjliOWM5ZTFjYTJlMDhlN2IzZDQyOTJkM2JkNzp7fQ=="}, "pk": "pt607n660ewizhc2pe1emibz2excyg3v", "model": "sessions.session"}, {"fields": {"expire_date": "2015-05-14T04:26:25.600Z", "session_data": "ZTFjNWY0OWVmNWNjNjliOWM5ZTFjYTJlMDhlN2IzZDQyOTJkM2JkNzp7fQ=="}, "pk": "ub8vbzb49ls659wn73bmmsxmeqwnfe6r", "model": "sessions.session"}, {"fields": {"expire_date": "2015-05-14T19:34:18.872Z", "session_data": "OTA5ZTdmNTFmYzM5ODU1MzNlOWVjY2U0ZjJiNGU2ZTdkMGRlY2M3ZTp7Il9hdXRoX3VzZXJfaWQiOjEsIl9hdXRoX3VzZXJfYmFja2VuZCI6ImRqYW5nby5jb250cmliLmF1dGguYmFja2VuZHMuTW9kZWxCYWNrZW5kIiwiX2F1dGhfdXNlcl9oYXNoIjoiMGY4YzZmNTVjYzk0MjYwODIwMzIyMjQ3MTgwODE4NmFkMjY1ZDNiZSJ9"}, "pk": "wzz8xdk2ys1rnovh8t6829jbcgj3yhc8", "model": "sessions.session"}, {"fields": {"expire_date": "2015-05-19T01:49:39.285Z", "session_data": "ZWY0Zjg0ZmNlNzBlNTQ3YmE4M2FmMjYyZjg5ZDc5MjM3MDJkMWVjNDp7Il9hdXRoX3VzZXJfYmFja2VuZCI6ImRqYW5nby5jb250cmliLmF1dGguYmFja2VuZHMuTW9kZWxCYWNrZW5kIiwiX2F1dGhfdXNlcl9pZCI6MX0="}, "pk": "zkrjsonshrlevp4wjhwb2glxo8g1c1vg", "model": "sessions.session"}, {"fields": {"name": "RGH", "location": "Rochester"}, "pk": 1, "model": "accounts.hospital"}, {"fields": {"hospital": 1, "start": "12:15 AM", "close": "12:15 AM", "day": "Weekdays"}, "pk": 1, "model": "accounts.hours"}, {"fields": {"hospital": 1, "start": "12:15 AM", "close": "12:15 AM", "day": "Sat"}, "pk": 2, "model": "accounts.hours"}, {"fields": {"hospital": 1, "start": "12:15 AM", "close": "12:15 AM", "day": "Sun"}, "pk": 3, "model": "accounts.hours"}, {"fields": {"hospital": 1, "doctor": 1, "date": "2015-05-01T18:30:00Z", "patient": 1}, "pk": 1, "model": "appt_calendar.appointment"}, {"fields": {"hospital": 1, "doctor": 1, "patient": 1, "name": "Molly", "date": "2015-07-08", "notes": "all the time"}, "pk": 1, "model": "prescriptions.prescription"}, {"fields": {"files": "tests/X-Ray.jpg", "released": true, "doctor": 1, "patient": 1, "name": "X-Ray", "date": "2015-04-30", "notes": "Looks good.\r\nYou don't have cancer... yet."}, "pk": 1, "model": "tests.test"}, {"fields": {"files": "tests/hand_exam.jpg", "released": true, "doctor": 1, "patient": 1, "name": "Hand Exam", "date": "2015-04-30", "notes": "You hand is a bit effed up....\r\nMight want to get that checked out"}, "pk": 2, "model": "tests.test"}, {"fields": {"files": "", "released": true, "doctor": 1, "patient": 2, "name": "Test", "date": "2015-04-30", "notes": "Just a test Test.\nYou don't have cancer... yet."}, "pk": 3, "model": "tests.test"}, {"fields": {"files": "tests/CAT_Scan.png", "released": true, "doctor": 1, "patient": 1, "name": "CAT Scan", "date": "2015-05-05", "notes": "Anddddddddddd you're a cat.\r\nThe animal hospital is down the street."}, "pk": 4, "model": "tests.test"}, {"fields": {"name": "Can add permission", "codename": "add_permission", "content_type": 1}, "pk": 1, "model": "auth.permission"}, {"fields": {"name": "Can change permission", "codename": "change_permission", "content_type": 1}, "pk": 2, "model": "auth.permission"}, {"fields": {"name": "Can delete permission", "codename": "delete_permission", "content_type": 1}, "pk": 3, "model": "auth.permission"}, {"fields": {"name": "Can add group", "codename": "add_group", "content_type": 2}, "pk": 4, "model": "auth.permission"}, {"fields": {"name": "Can change group", "codename": "change_group", "content_type": 2}, "pk": 5, "model": "auth.permission"}, {"fields": {"name": "Can delete group", "codename": "delete_group", "content_type": 2}, "pk": 6, "model": "auth.permission"}, {"fields": {"name": "Can add user", "codename": "add_user", "content_type": 3}, "pk": 7, "model": "auth.permission"}, {"fields": {"name": "Can change user", "codename": "change_user", "content_type": 3}, "pk": 8, "model": "auth.permission"}, {"fields": {"name": "Can delete user", "codename": "delete_user", "content_type": 3}, "pk": 9, "model": "auth.permission"}, {"fields": {"name": "Can add log entry", "codename": "add_logentry", "content_type": 4}, "pk": 10, "model": "auth.permission"}, {"fields": {"name": "Can change log entry", "codename": "change_logentry", "content_type": 4}, "pk": 11, "model": "auth.permission"}, {"fields": {"name": "Can delete log entry", "codename": "delete_logentry", "content_type": 4}, "pk": 12, "model": "auth.permission"}, {"fields": {"name": "Can add content type", "codename": "add_contenttype", "content_type": 5}, "pk": 13, "model": "auth.permission"}, {"fields": {"name": "Can change content type", "codename": "change_contenttype", "content_type": 5}, "pk": 14, "model": "auth.permission"}, {"fields": {"name": "Can delete content type", "codename": "delete_contenttype", "content_type": 5}, "pk": 15, "model": "auth.permission"}, {"fields": {"name": "Can add session", "codename": "add_session", "content_type": 6}, "pk": 16, "model": "auth.permission"}, {"fields": {"name": "Can change session", "codename": "change_session", "content_type": 6}, "pk": 17, "model": "auth.permission"}, {"fields": {"name": "Can delete session", "codename": "delete_session", "content_type": 6}, "pk": 18, "model": "auth.permission"}, {"fields": {"name": "Can add hospital", "codename": "add_hospital", "content_type": 7}, "pk": 19, "model": "auth.permission"}, {"fields": {"name": "Can change hospital", "codename": "change_hospital", "content_type": 7}, "pk": 20, "model": "auth.permission"}, {"fields": {"name": "Can delete hospital", "codename": "delete_hospital", "content_type": 7}, "pk": 21, "model": "auth.permission"}, {"fields": {"name": "Can add hours", "codename": "add_hours", "content_type": 8}, "pk": 22, "model": "auth.permission"}, {"fields": {"name": "Can change hours", "codename": "change_hours", "content_type": 8}, "pk": 23, "model": "auth.permission"}, {"fields": {"name": "Can delete hours", "codename": "delete_hours", "content_type": 8}, "pk": 24, "model": "auth.permission"}, {"fields": {"name": "Can add Nurse", "codename": "add_nurse", "content_type": 9}, "pk": 25, "model": "auth.permission"}, {"fields": {"name": "Can change Nurse", "codename": "change_nurse", "content_type": 9}, "pk": 26, "model": "auth.permission"}, {"fields": {"name": "Can delete Nurse", "codename": "delete_nurse", "content_type": 9}, "pk": 27, "model": "auth.permission"}, {"fields": {"name": "Can add Doctor", "codename": "add_doctor", "content_type": 10}, "pk": 28, "model": "auth.permission"}, {"fields": {"name": "Can change Doctor", "codename": "change_doctor", "content_type": 10}, "pk": 29, "model": "auth.permission"}, {"fields": {"name": "Can delete Doctor", "codename": "delete_doctor", "content_type": 10}, "pk": 30, "model": "auth.permission"}, {"fields": {"name": "Can add Patient", "codename": "add_patient", "content_type": 11}, "pk": 31, "model": "auth.permission"}, {"fields": {"name": "Can change Patient", "codename": "change_patient", "content_type": 11}, "pk": 32, "model": "auth.permission"}, {"fields": {"name": "Can delete Patient", "codename": "delete_patient", "content_type": 11}, "pk": 33, "model": "auth.permission"}, {"fields": {"name": "Can add prescription", "codename": "add_prescription", "content_type": 12}, "pk": 34, "model": "auth.permission"}, {"fields": {"name": "Can change prescription", "codename": "change_prescription", "content_type": 12}, "pk": 35, "model": "auth.permission"}, {"fields": {"name": "Can delete prescription", "codename": "delete_prescription", "content_type": 12}, "pk": 36, "model": "auth.permission"}, {"fields": {"name": "Can view prescription", "codename": "view_pers", "content_type": 12}, "pk": 37, "model": "auth.permission"}, {"fields": {"name": "Can add prescription", "codename": "add_pers", "content_type": 12}, "pk": 38, "model": "auth.permission"}, {"fields": {"name": "Can remove prescription", "codename": "remove_pers", "content_type": 12}, "pk": 39, "model": "auth.permission"}, {"fields": {"name": "Can add appointment", "codename": "add_appointment", "content_type": 13}, "pk": 40, "model": "auth.permission"}, {"fields": {"name": "Can change appointment", "codename": "change_appointment", "content_type": 13}, "pk": 41, "model": "auth.permission"}, {"fields": {"name": "Can delete appointment", "codename": "delete_appointment", "content_type": 13}, "pk": 42, "model": "auth.permission"}, {"fields": {"name": "Can add Entry", "codename": "add_entry", "content_type": 14}, "pk": 43, "model": "auth.permission"}, {"fields": {"name": "Can change Entry", "codename": "change_entry", "content_type": 14}, "pk": 44, "model": "auth.permission"}, {"fields": {"name": "Can delete Entry", "codename": "delete_entry", "content_type": 14}, "pk": 45, "model": "auth.permission"}, {"fields": {"name": "Can add Message", "codename": "add_message", "content_type": 15}, "pk": 46, "model": "auth.permission"}, {"fields": {"name": "Can change Message", "codename": "change_message", "content_type": 15}, "pk": 47, "model": "auth.permission"}, {"fields": {"name": "Can delete Message", "codename": "delete_message", "content_type": 15}, "pk": 48, "model": "auth.permission"}, {"fields": {"name": "Can add Prescription", "codename": "add_prescription", "content_type": 16}, "pk": 49, "model": "auth.permission"}, {"fields": {"name": "Can change Prescription", "codename": "change_prescription", "content_type": 16}, "pk": 50, "model": "auth.permission"}, {"fields": {"name": "Can delete Prescription", "codename": "delete_prescription", "content_type": 16}, "pk": 51, "model": "auth.permission"}, {"fields": {"name": "Can add Test", "codename": "add_test", "content_type": 17}, "pk": 52, "model": "auth.permission"}, {"fields": {"name": "Can change Test", "codename": "change_test", "content_type": 17}, "pk": 53, "model": "auth.permission"}, {"fields": {"name": "Can delete Test", "codename": "delete_test", "content_type": 17}, "pk": 54, "model": "auth.permission"}, {"fields": {"permissions": [], "name": "Patient"}, "pk": 1, "model": "auth.group"}, {"fields": {"permissions": [], "name": "Doctor"}, "pk": 2, "model": "auth.group"}, {"fields": {"permissions": [], "name": "Nurse"}, "pk": 3, "model": "auth.group"}, {"fields": {"email": "son@man.com", "password": "pbkdf2_sha256$12000$CgS3FzNrtEZw$bhOooBnyC9+3lHoQoMbVehiSlTHrjNXrdrqGuz4OPz8=", "is_staff": true, "last_login": "2015-05-06T01:48:26.865Z", "last_name": "Christ", "first_name": "Jesus", "user_permissions": [], "is_active": true, "date_joined": "2015-04-30T04:15:01.902Z", "username": "admin", "is_superuser": true, "groups": []}, "pk": 1, "model": "auth.user"}, {"fields": {"email": "gdaunton@gmail.com", "password": "pbkdf2_sha256$12000$4y53RE8BHVOs$si/qUpkUASJvMK2DtXg4O3vvJFUn66/PBK7qsFku0i4=", "is_staff": false, "last_login": "2015-05-04T23:17:51.767Z", "last_name": "Daunton", "first_name": "Gareth", "user_permissions": [], "is_active": true, "date_joined": "2015-04-30T04:16:16.181Z", "username": "gareth", "is_superuser": false, "groups": [1]}, "pk": 2, "model": "auth.user"}, {"fields": {"email": "", "password": "pbkdf2_sha256$12000$ZuQb4BtGSUHI$utBpU+FgOmTG++sFBHtchdmU8cxBjmWfpHOj4CKG2CA=", "is_staff": true, "last_login": "2015-05-05T23:09:09.087Z", "last_name": "Lee", "first_name": "Stan", "user_permissions": [], "is_active": true, "date_joined": "2015-04-30T04:16:34.607Z", "username": "doctor", "is_superuser": false, "groups": [2]}, "pk": 3, "model": "auth.user"}, {"fields": {"email": "", "password": "pbkdf2_sha256$12000$3upMHQrqTcJx$zbak0Q4CyaTJ6pgkR05CLcmDKYJCS0RbG9JcEf7o+uI=", "is_staff": true, "last_login": "2015-04-30T18:09:50.194Z", "last_name": "Dover", "first_name": "Ben", "user_permissions": [], "is_active": true, "date_joined": "2015-04-30T18:09:50.194Z", "username": "nurse", "is_superuser": false, "groups": [3]}, "pk": 4, "model": "auth.user"}, {"fields": {"email": "", "password": "pbkdf2_sha256$12000$KOlqdChfIqod$1DRofdeRfAH9RYjaZ6TOdcBlrOGFPYu4QlJHg1GwIK0=", "is_staff": false, "last_login": "2015-05-05T17:11:42.144Z", "last_name": "", "first_name": "", "user_permissions": [], "is_active": true, "date_joined": "2015-05-04T21:38:36.410Z", "username": "patient1", "is_superuser": false, "groups": [1]}, "pk": 5, "model": "auth.user"}, {"fields": {"action_time": "2015-04-30T04:21:10.444Z", "change_message": "", "object_repr": "Test", "content_type": 17, "user": 1, "action_flag": 1, "object_id": "1"}, "pk": 1, "model": "admin.logentry"}, {"fields": {"action_time": "2015-04-30T18:28:16.113Z", "change_message": "", "object_repr": "Test", "content_type": 17, "user": 1, "action_flag": 3, "object_id": "6"}, "pk": 2, "model": "admin.logentry"}, {"fields": {"action_time": "2015-04-30T18:28:16.136Z", "change_message": "", "object_repr": "Test", "content_type": 17, "user": 1, "action_flag": 3, "object_id": "5"}, "pk": 3, "model": "admin.logentry"}, {"fields": {"action_time": "2015-04-30T18:28:16.159Z", "change_message": "", "object_repr": "Test", "content_type": 17, "user": 1, "action_flag": 3, "object_id": "4"}, "pk": 4, "model": "admin.logentry"}, {"fields": {"action_time": "2015-04-30T18:28:16.180Z", "change_message": "", "object_repr": "Test2", "content_type": 17, "user": 1, "action_flag": 3, "object_id": "3"}, "pk": 5, "model": "admin.logentry"}, {"fields": {"action_time": "2015-04-30T18:28:16.202Z", "change_message": "", "object_repr": "Test2", "content_type": 17, "user": 1, "action_flag": 3, "object_id": "2"}, "pk": 6, "model": "admin.logentry"}, {"fields": {"action_time": "2015-04-30T18:28:16.225Z", "change_message": "", "object_repr": "Test", "content_type": 17, "user": 1, "action_flag": 3, "object_id": "1"}, "pk": 7, "model": "admin.logentry"}, {"fields": {"action_time": "2015-05-05T17:11:30.545Z", "change_message": "", "object_repr": "Test", "content_type": 17, "user": 1, "action_flag": 3, "object_id": "10"}, "pk": 8, "model": "admin.logentry"}, {"fields": {"action_time": "2015-05-05T17:11:30.564Z", "change_message": "", "object_repr": "Test", "content_type": 17, "user": 1, "action_flag": 3, "object_id": "9"}, "pk": 9, "model": "admin.logentry"}, {"fields": {"action_time": "2015-05-05T17:11:30.581Z", "change_message": "", "object_repr": "Test", "content_type": 17, "user": 1, "action_flag": 3, "object_id": "8"}, "pk": 10, "model": "admin.logentry"}, {"fields": {"action_time": "2015-05-05T17:11:30.599Z", "change_message": "", "object_repr": "Test", "content_type": 17, "user": 1, "action_flag": 3, "object_id": "7"}, "pk": 11, "model": "admin.logentry"}, {"fields": {"action_time": "2015-05-05T17:11:30.616Z", "change_message": "", "object_repr": "Test", "content_type": 17, "user": 1, "action_flag": 3, "object_id": "6"}, "pk": 12, "model": "admin.logentry"}, {"fields": {"action_time": "2015-05-05T17:11:30.634Z", "change_message": "", "object_repr": "Test", "content_type": 17, "user": 1, "action_flag": 3, "object_id": "5"}, "pk": 13, "model": "admin.logentry"}, {"fields": {"action_time": "2015-05-05T17:11:30.651Z", "change_message": "", "object_repr": "Test", "content_type": 17, "user": 1, "action_flag": 3, "object_id": "4"}, "pk": 14, "model": "admin.logentry"}, {"fields": {"action_time": "2015-05-05T17:11:30.668Z", "change_message": "", "object_repr": "Test", "content_type": 17, "user": 1, "action_flag": 3, "object_id": "3"}, "pk": 15, "model": "admin.logentry"}, {"fields": {"user": 4, "hospital": 1, "phone_number": ""}, "pk": 1, "model": "accounts.nurse"}, {"fields": {"user": 3, "hospital": 1, "phone_number": ""}, "pk": 1, "model": "accounts.doctor"}, {"fields": {"doctor": 1, "user": 2, "hospital": null, "nurse": [], "med_info": "I am God", "height_ft": "5", "phone_number": "5854698346", "insurance_id": "", "height_in": "9", "pref_hospital": 1, "sex": "Male", "address": "", "weight": "175", "ice_phone": "5551234567", "ice_name": "Test"}, "pk": 1, "model": "accounts.patient"}, {"fields": {"doctor": null, "user": 5, "hospital": null, "nurse": [], "med_info": "", "height_ft": null, "phone_number": "", "insurance_id": "", "height_in": null, "pref_hospital": null, "sex": "Male", "address": "", "weight": null, "ice_phone": "", "ice_name": ""}, "pk": 2, "model": "accounts.patient"}, {"fields": {"user": 2, "action": "user_created", "date": "2015-04-30T04:16:16.562Z"}, "pk": 1, "model": "logger.entry"}, {"fields": {"user": 3, "action": "doctor_user_created", "date": "2015-04-30T04:16:34.999Z"}, "pk": 2, "model": "logger.entry"}, {"fields": {"user": 2, "action": "patient_changed_doctors", "date": "2015-04-30T04:16:41.621Z"}, "pk": 3, "model": "logger.entry"}, {"fields": {"user": 1, "action": "updated_user: gareth", "date": "2015-04-30T04:16:41.782Z"}, "pk": 4, "model": "logger.entry"}, {"fields": {"user": 3, "action": "test_created_for_gareth", "date": "2015-04-30T04:26:16.160Z"}, "pk": 5, "model": "logger.entry"}, {"fields": {"user": 4, "action": "nurse_user_created", "date": "2015-04-30T18:09:50.422Z"}, "pk": 6, "model": "logger.entry"}, {"fields": {"user": 1, "action": "updated_user: nurse", "date": "2015-04-30T18:10:00.946Z"}, "pk": 7, "model": "logger.entry"}, {"fields": {"user": 1, "action": "user_updated_self", "date": "2015-04-30T18:10:56.816Z"}, "pk": 8, "model": "logger.entry"}, {"fields": {"user": 1, "action": "user_updated_self", "date": "2015-04-30T18:11:06.625Z"}, "pk": 9, "model": "logger.entry"}, {"fields": {"user": 3, "action": "test_created_for_gareth", "date": "2015-04-30T18:26:59.364Z"}, "pk": 10, "model": "logger.entry"}, {"fields": {"user": 3, "action": "test_created_for_gareth", "date": "2015-04-30T18:27:21.601Z"}, "pk": 11, "model": "logger.entry"}, {"fields": {"user": 3, "action": "test_created_for_gareth", "date": "2015-04-30T18:28:49.465Z"}, "pk": 12, "model": "logger.entry"}, {"fields": {"user": 1, "action": "updated_user: gareth", "date": "2015-04-30T18:31:11.957Z"}, "pk": 13, "model": "logger.entry"}, {"fields": {"user": 1, "action": "user_sent_message", "date": "2015-04-30T18:36:50.716Z"}, "pk": 14, "model": "logger.entry"}, {"fields": {"user": 3, "action": "appointment_created", "date": "2015-04-30T18:37:53.664Z"}, "pk": 15, "model": "logger.entry"}, {"fields": {"user": 3, "action": "prescription_created", "date": "2015-04-30T18:39:03.198Z"}, "pk": 16, "model": "logger.entry"}, {"fields": {"user": 3, "action": "test_created_for_gareth", "date": "2015-04-30T21:35:59.727Z"}, "pk": 17, "model": "logger.entry"}, {"fields": {"user": 3, "action": "test_edited_for_gareth", "date": "2015-04-30T21:49:19.196Z"}, "pk": 18, "model": "logger.entry"}, {"fields": {"user": 3, "action": "test_edited_for_gareth", "date": "2015-04-30T21:56:42.863Z"}, "pk": 19, "model": "logger.entry"}, {"fields": {"user": 5, "action": "user_created", "date": "2015-05-04T21:38:36.615Z"}, "pk": 20, "model": "logger.entry"}, {"fields": {"user": 2, "action": "user_updated_self", "date": "2015-05-04T23:20:33.603Z"}, "pk": 21, "model": "logger.entry"}, {"fields": {"user": 2, "action": "user_updated_self", "date": "2015-05-04T23:20:44.526Z"}, "pk": 22, "model": "logger.entry"}, {"fields": {"user": 1, "action": "updated_user: gareth", "date": "2015-05-05T00:39:12.534Z"}, "pk": 23, "model": "logger.entry"}, {"fields": {"user": 1, "action": "updated_user: gareth", "date": "2015-05-05T00:40:41.568Z"}, "pk": 24, "model": "logger.entry"}, {"fields": {"user": 3, "action": "test_edited_for_gareth", "date": "2015-05-05T01:06:10.260Z"}, "pk": 25, "model": "logger.entry"}, {"fields": {"user": 3, "action": "test_edited_for_gareth", "date": "2015-05-05T01:33:05.993Z"}, "pk": 26, "model": "logger.entry"}, {"fields": {"user": 3, "action": "test_edited_for_gareth", "date": "2015-05-05T01:38:06.894Z"}, "pk": 27, "model": "logger.entry"}, {"fields": {"user": 3, "action": "test_edited_for_gareth", "date": "2015-05-05T01:42:32.841Z"}, "pk": 28, "model": "logger.entry"}, {"fields": {"user": 1, "action": "updated_user: patient1", "date": "2015-05-05T02:07:42.629Z"}, "pk": 29, "model": "logger.entry"}, {"fields": {"user": 1, "action": "updated_user: patient1", "date": "2015-05-05T02:08:49.792Z"}, "pk": 30, "model": "logger.entry"}, {"fields": {"user": 5, "action": "patient_changed_doctors", "date": "2015-05-05T16:48:34.917Z"}, "pk": 31, "model": "logger.entry"}, {"fields": {"user": 1, "action": "updated_user: patient1", "date": "2015-05-05T16:55:34.964Z"}, "pk": 32, "model": "logger.entry"}, {"fields": {"user": 1, "action": "updated_user: gareth", "date": "2015-05-05T16:56:14.777Z"}, "pk": 33, "model": "logger.entry"}, {"fields": {"user": 1, "action": "updated_user: patient1", "date": "2015-05-05T16:56:38.080Z"}, "pk": 34, "model": "logger.entry"}, {"fields": {"user": 5, "action": "patient_changed_doctors", "date": "2015-05-05T17:02:36.309Z"}, "pk": 35, "model": "logger.entry"}, {"fields": {"user": 5, "action": "user_updated_self", "date": "2015-05-05T17:02:36.395Z"}, "pk": 36, "model": "logger.entry"}, {"fields": {"user": 5, "action": "user_updated_self", "date": "2015-05-05T17:03:57.348Z"}, "pk": 37, "model": "logger.entry"}, {"fields": {"user": 5, "action": "user_updated_self", "date": "2015-05-05T17:04:12.261Z"}, "pk": 38, "model": "logger.entry"}, {"fields": {"user": 5, "action": "user_updated_self", "date": "2015-05-05T17:05:21.665Z"}, "pk": 39, "model": "logger.entry"}, {"fields": {"user": 5, "action": "user_updated_self", "date": "2015-05-05T17:05:42.956Z"}, "pk": 40, "model": "logger.entry"}, {"fields": {"user": 5, "action": "patient_changed_doctors", "date": "2015-05-05T17:06:37.469Z"}, "pk": 41, "model": "logger.entry"}, {"fields": {"user": 5, "action": "user_updated_self", "date": "2015-05-05T17:06:37.544Z"}, "pk": 42, "model": "logger.entry"}, {"fields": {"user": 5, "action": "user_updated_self", "date": "2015-05-05T17:06:48.995Z"}, "pk": 43, "model": "logger.entry"}, {"fields": {"user": 5, "action": "user_updated_self", "date": "2015-05-05T17:07:40.862Z"}, "pk": 44, "model": "logger.entry"}, {"fields": {"user": 5, "action": "user_updated_self", "date": "2015-05-05T17:11:56.748Z"}, "pk": 45, "model": "logger.entry"}, {"fields": {"user": 5, "action": "user_updated_self", "date": "2015-05-05T17:12:17.412Z"}, "pk": 46, "model": "logger.entry"}, {"fields": {"user": 1, "action": "updated_user: patient1", "date": "2015-05-05T17:12:53.482Z"}, "pk": 47, "model": "logger.entry"}, {"fields": {"user": 5, "action": "patient_changed_doctors", "date": "2015-05-05T17:14:10.911Z"}, "pk": 48, "model": "logger.entry"}, {"fields": {"user": 1, "action": "updated_user: patient1", "date": "2015-05-05T17:14:10.996Z"}, "pk": 49, "model": "logger.entry"}, {"fields": {"user": 3, "action": "test_edited_for_gareth", "date": "2015-05-05T17:40:48.122Z"}, "pk": 50, "model": "logger.entry"}, {"fields": {"user": 3, "action": "test_edited_for_gareth", "date": "2015-05-06T00:11:11.657Z"}, "pk": 51, "model": "logger.entry"}, {"fields": {"user": 3, "action": "test_edited_for_gareth", "date": "2015-05-06T00:32:14.220Z"}, "pk": 52, "model": "logger.entry"}, {"fields": {"user": 3, "action": "test_created_for_gareth", "date": "2015-05-06T00:43:54.477Z"}, "pk": 53, "model": "logger.entry"}, {"fields": {"user": 3, "action": "test_edited_for_gareth", "date": "2015-05-06T00:52:53.736Z"}, "pk": 54, "model": "logger.entry"}, {"fields": {"user": 3, "action": "test_edited_for_gareth", "date": "2015-05-06T00:53:27.426Z"}, "pk": 55, "model": "logger.entry"}, {"fields": {"user": 3, "action": "gareth_discharged_from_RGH", "date": "2015-05-06T00:54:41.595Z"}, "pk": 56, "model": "logger.entry"}, {"fields": {"user": 3, "action": "test_edited_for_gareth", "date": "2015-05-06T00:55:31.365Z"}, "pk": 57, "model": "logger.entry"}, {"fields": {"user": 3, "action": "test_edited_for_gareth", "date": "2015-05-06T00:56:12.591Z"}, "pk": 58, "model": "logger.entry"}, {"fields": {"user": 3, "action": "test_edited_for_gareth", "date": "2015-05-06T01:01:14.614Z"}, "pk": 59, "model": "logger.entry"}, {"fields": {"user": 3, "action": "test_edited_for_gareth", "date": "2015-05-06T01:02:39.268Z"}, "pk": 60, "model": "logger.entry"}, {"fields": {"user": 3, "action": "test_edited_for_gareth", "date": "2015-05-06T01:03:06.928Z"}, "pk": 61, "model": "logger.entry"}, {"fields": {"user": 3, "action": "test_edited_for_gareth", "date": "2015-05-06T01:03:11.789Z"}, "pk": 62, "model": "logger.entry"}, {"fields": {"user": 3, "action": "test_edited_for_gareth", "date": "2015-05-06T01:06:09.780Z"}, "pk": 63, "model": "logger.entry"}, {"fields": {"user": 3, "action": "test_edited_for_gareth", "date": "2015-05-06T01:06:17.436Z"}, "pk": 64, "model": "logger.entry"}, {"fields": {"user": 3, "action": "test_edited_for_gareth", "date": "2015-05-06T01:06:44.669Z"}, "pk": 65, "model": "logger.entry"}, {"fields": {"user": 3, "action": "test_edited_for_gareth", "date": "2015-05-06T01:06:55.289Z"}, "pk": 66, "model": "logger.entry"}, {"fields": {"recipient": 1, "text": "alskdjf", "sender": 1, "viewed": true, "date": "2015-04-30T18:36:50.671Z", "subject": "adslfkj"}, "pk": 1, "model": "messaging.message"}]